acc_x,acc_y,acc_z
0.461,-0.365,1.13
0.461,-0.365,1.13
0.461,-0.365,1.13
0.478,-0.309,1.134
0.478,-0.309,1.134
0.478,-0.309,1.134
0.404,-0.285,0.971
0.404,-0.285,0.971
0.404,-0.285,0.971
0.368,-0.32,0.865
0.368,-0.32,0.865
0.368,-0.32,0.865
0.226,-0.367,0.838
0.226,-0.367,0.838
0.226,-0.367,0.838
0.053,-0.378,0.859
0.053,-0.378,0.859
0.053,-0.378,0.859
-0.127,-0.351,0.853
-0.127,-0.351,0.853
-0.127,-0.351,0.853
-0.186,-0.372,0.795
-0.186,-0.372,0.795
-0.186,-0.372,0.795
0.024,-0.469,0.737
0.024,-0.469,0.737
0.024,-0.469,0.737
0.284,-0.55,0.672
0.284,-0.55,0.672
0.284,-0.55,0.672
0.41,-0.6,0.688
0.41,-0.6,0.688
0.41,-0.6,0.688
0.455,-0.613,0.707
0.455,-0.613,0.707
0.455,-0.613,0.707
0.487,-0.558,0.71
0.487,-0.558,0.71
0.487,-0.558,0.71
0.438,-0.456,0.76
0.438,-0.456,0.76
0.438,-0.456,0.76
0.362,-0.333,0.929
0.362,-0.333,0.929
0.362,-0.333,0.929
0.214,-0.192,1.102
0.214,-0.192,1.102
0.214,-0.192,1.102
-0.01,-0.094,1.149
-0.01,-0.094,1.149
-0.01,-0.094,1.149
-0.162,-0.022,1.102
-0.162,-0.022,1.102
-0.162,-0.022,1.102
-0.072,-0.026,1.086
-0.072,-0.026,1.086
-0.072,-0.026,1.086
0.183,-0.101,1.105
0.183,-0.101,1.105
0.183,-0.101,1.105
0.337,-0.241,1.027
0.337,-0.241,1.027
0.337,-0.241,1.027
0.361,-0.299,0.937
0.361,-0.299,0.937
0.361,-0.299,0.937
0.357,-0.297,0.897
0.357,-0.297,0.897
0.357,-0.297,0.897
0.439,-0.309,0.922
0.439,-0.309,0.922
0.439,-0.309,0.922
0.518,-0.357,1.088
0.518,-0.357,1.088
0.518,-0.357,1.088
0.442,-0.342,1.13
0.442,-0.342,1.13
0.442,-0.342,1.13
0.336,-0.305,1.008
0.336,-0.305,1.008
0.336,-0.305,1.008
0.2,-0.284,0.891
0.2,-0.284,0.891
0.2,-0.284,0.891
0.049,-0.318,0.869
0.049,-0.318,0.869
0.049,-0.318,0.869
0.051,-0.332,0.892
0.051,-0.332,0.892
0.051,-0.332,0.892
0.107,-0.361,0.877
0.107,-0.361,0.877
0.107,-0.361,0.877
0.187,-0.415,0.82
0.187,-0.415,0.82
0.187,-0.415,0.82
0.258,-0.461,0.747
0.258,-0.461,0.747
0.258,-0.461,0.747
0.34,-0.512,0.701
0.34,-0.512,0.701
0.34,-0.512,0.701
0.322,-0.562,0.67
0.322,-0.562,0.67
0.322,-0.562,0.67
0.285,-0.593,0.656
0.285,-0.593,0.656
0.285,-0.593,0.656
0.352,-0.581,0.703
0.352,-0.581,0.703
0.352,-0.581,0.703
0.405,-0.514,0.767
0.405,-0.514,0.767
0.405,-0.514,0.767
0.332,-0.435,0.845
0.332,-0.435,0.845
0.332,-0.435,0.845
0.24,-0.315,0.911
0.24,-0.315,0.911
0.24,-0.315,0.911
0.21,-0.212,1.017
0.21,-0.212,1.017
0.21,-0.212,1.017
0.137,-0.157,1.083
0.137,-0.157,1.083
0.137,-0.157,1.083
0.114,-0.095,1.098
0.114,-0.095,1.098
0.114,-0.095,1.098
0.206,-0.022,1.182
0.206,-0.022,1.182
0.206,-0.022,1.182
0.316,-0.01,1.256
0.316,-0.01,1.256
0.316,-0.01,1.256
0.422,-0.057,1.194
0.422,-0.057,1.194
0.422,-0.057,1.194
0.339,-0.202,1.028
0.339,-0.202,1.028
0.339,-0.202,1.028
0.172,-0.249,0.88
0.172,-0.249,0.88
0.172,-0.249,0.88
0.143,-0.138,0.812
0.143,-0.138,0.812
0.143,-0.138,0.812
0.302,-0.165,0.877
0.302,-0.165,0.877
0.302,-0.165,0.877
0.565,-0.279,1.058
0.565,-0.279,1.058
0.565,-0.279,1.058
0.601,-0.3,1.123
0.601,-0.3,1.123
0.601,-0.3,1.123
0.411,-0.292,0.99
0.411,-0.292,0.99
0.411,-0.292,0.99
0.242,-0.3,0.861
0.242,-0.3,0.861
0.242,-0.3,0.861
0.081,-0.311,0.82
0.081,-0.311,0.82
0.081,-0.311,0.82
-0.106,-0.323,0.87
-0.106,-0.323,0.87
-0.106,-0.323,0.87
-0.264,-0.345,0.919
-0.264,-0.345,0.919
-0.264,-0.345,0.919
-0.246,-0.391,0.907
-0.246,-0.391,0.907
-0.246,-0.391,0.907
-0.108,-0.473,0.839
-0.108,-0.473,0.839
-0.108,-0.473,0.839
0.097,-0.552,0.784
0.097,-0.552,0.784
0.097,-0.552,0.784
0.24,-0.601,0.764
0.24,-0.601,0.764
0.24,-0.601,0.764
0.239,-0.608,0.786
0.239,-0.608,0.786
0.239,-0.608,0.786
0.12,-0.549,0.844
0.12,-0.549,0.844
0.12,-0.549,0.844
0.048,-0.408,0.886
0.048,-0.408,0.886
0.048,-0.408,0.886
0.156,-0.27,0.945
0.156,-0.27,0.945
0.156,-0.27,0.945
0.188,-0.132,1.02
0.188,-0.132,1.02
0.188,-0.132,1.02
0.156,0.02,1.122
0.156,0.02,1.122
0.156,0.02,1.122
0.139,0.163,1.206
0.139,0.163,1.206
0.139,0.163,1.206
0.198,0.235,1.239
0.198,0.235,1.239
0.198,0.235,1.239
0.225,0.255,1.218
0.225,0.255,1.218
0.225,0.255,1.218
0.2,0.248,1.103
0.2,0.248,1.103
0.2,0.248,1.103
0.27,0.177,1.015
0.27,0.177,1.015
0.27,0.177,1.015
0.261,0.048,0.905
0.261,0.048,0.905
0.261,0.048,0.905
0.324,-0.019,0.823
0.324,-0.019,0.823
0.324,-0.019,0.823
0.371,-0.052,0.934
0.371,-0.052,0.934
0.371,-0.052,0.934
0.371,-0.117,1.079
0.371,-0.117,1.079
0.371,-0.117,1.079
0.401,-0.145,1.119
0.401,-0.145,1.119
0.401,-0.145,1.119
0.386,-0.122,1.063
0.386,-0.122,1.063
0.386,-0.122,1.063
0.316,-0.141,0.964
0.316,-0.141,0.964
0.316,-0.141,0.964
0.295,-0.194,0.893
0.295,-0.194,0.893
0.295,-0.194,0.893
0.183,-0.252,0.875
0.183,-0.252,0.875
0.183,-0.252,0.875
0.018,-0.268,0.908
0.018,-0.268,0.908
0.018,-0.268,0.908
-0.002,-0.296,0.907
-0.002,-0.296,0.907
-0.002,-0.296,0.907
0.076,-0.357,0.874
0.076,-0.357,0.874
0.076,-0.357,0.874
0.145,-0.416,0.862
0.145,-0.416,0.862
0.145,-0.416,0.862
0.225,-0.447,0.882
0.225,-0.447,0.882
0.225,-0.447,0.882
0.254,-0.442,0.862
0.254,-0.442,0.862
0.254,-0.442,0.862
0.217,-0.422,0.838
0.217,-0.422,0.838
0.217,-0.422,0.838
0.15,-0.398,0.797
0.15,-0.398,0.797
0.15,-0.398,0.797
0.093,-0.364,0.806
0.093,-0.364,0.806
0.093,-0.364,0.806
0.11,-0.292,0.875
0.11,-0.292,0.875
0.11,-0.292,0.875
0.246,-0.184,0.913
0.246,-0.184,0.913
0.246,-0.184,0.913
0.316,-0.072,0.952
0.316,-0.072,0.952
0.316,-0.072,0.952
0.164,0.069,1.042
0.164,0.069,1.042
0.164,0.069,1.042
0.109,0.223,1.191
0.109,0.223,1.191
0.109,0.223,1.191
0.305,0.317,1.269
0.305,0.317,1.269
0.305,0.317,1.269
0.428,0.327,1.219
0.428,0.327,1.219
0.428,0.327,1.219
0.449,0.29,1.136
0.449,0.29,1.136
0.449,0.29,1.136
0.348,0.203,1.041
0.348,0.203,1.041
0.348,0.203,1.041
0.28,0.076,0.91
0.28,0.076,0.91
0.28,0.076,0.91
0.358,-0.012,0.785
0.358,-0.012,0.785
0.358,-0.012,0.785
0.439,-0.088,0.856
0.439,-0.088,0.856
0.439,-0.088,0.856
0.474,-0.148,0.995
0.474,-0.148,0.995
0.474,-0.148,0.995
0.549,-0.183,1.097
0.549,-0.183,1.097
0.549,-0.183,1.097
0.527,-0.17,1.065
0.527,-0.17,1.065
0.527,-0.17,1.065
0.391,-0.163,0.955
0.391,-0.163,0.955
0.391,-0.163,0.955
0.21,-0.218,0.852
0.21,-0.218,0.852
0.21,-0.218,0.852
0.036,-0.256,0.825
0.036,-0.256,0.825
0.036,-0.256,0.825
-0.006,-0.277,0.863
-0.006,-0.277,0.863
-0.006,-0.277,0.863
0.045,-0.296,0.926
0.045,-0.296,0.926
0.045,-0.296,0.926
0.111,-0.342,0.972
0.111,-0.342,0.972
0.111,-0.342,0.972
0.216,-0.381,0.987
0.216,-0.381,0.987
0.216,-0.381,0.987
0.297,-0.414,0.928
0.297,-0.414,0.928
0.297,-0.414,0.928
0.332,-0.438,0.835
0.332,-0.438,0.835
0.332,-0.438,0.835
0.312,-0.457,0.782
0.312,-0.457,0.782
0.312,-0.457,0.782
0.275,-0.443,0.802
0.275,-0.443,0.802
0.275,-0.443,0.802
0.244,-0.388,0.85
0.244,-0.388,0.85
0.244,-0.388,0.85
0.238,-0.308,0.886
0.238,-0.308,0.886
0.238,-0.308,0.886
0.276,-0.21,0.897
0.276,-0.21,0.897
0.276,-0.21,0.897
0.289,-0.099,0.915
0.289,-0.099,0.915
0.289,-0.099,0.915
0.281,0.025,1.013
0.281,0.025,1.013
0.281,0.025,1.013
0.307,0.186,1.155
0.307,0.186,1.155
0.307,0.186,1.155
0.308,0.321,1.237
0.308,0.321,1.237
0.308,0.321,1.237
0.326,0.353,1.214
0.326,0.353,1.214
0.326,0.353,1.214
0.318,0.355,1.131
0.318,0.355,1.131
0.318,0.355,1.131
0.316,0.26,1.038
0.316,0.26,1.038
0.316,0.26,1.038
0.312,0.1,0.922
0.312,0.1,0.922
0.312,0.1,0.922
0.348,-0.037,0.804
0.348,-0.037,0.804
0.348,-0.037,0.804
0.428,-0.138,0.851
0.428,-0.138,0.851
0.428,-0.138,0.851
0.471,-0.178,0.977
0.471,-0.178,0.977
0.471,-0.178,0.977
0.439,-0.178,1.026
0.439,-0.178,1.026
0.439,-0.178,1.026
0.365,-0.146,1.006
0.365,-0.146,1.006
0.365,-0.146,1.006
0.306,-0.132,0.974
0.306,-0.132,0.974
0.306,-0.132,0.974
0.321,-0.152,0.951
0.321,-0.152,0.951
0.321,-0.152,0.951
0.361,-0.218,0.909
0.361,-0.218,0.909
0.361,-0.218,0.909
0.397,-0.319,0.868
0.397,-0.319,0.868
0.397,-0.319,0.868
0.431,-0.369,0.876
0.431,-0.369,0.876
0.431,-0.369,0.876
0.323,-0.37,0.901
0.323,-0.37,0.901
0.323,-0.37,0.901
0.228,-0.363,0.918
0.228,-0.363,0.918
0.228,-0.363,0.918
0.211,-0.375,0.95
0.211,-0.375,0.95
0.211,-0.375,0.95
0.174,-0.382,0.937
0.174,-0.382,0.937
0.174,-0.382,0.937
0.182,-0.385,0.867
0.182,-0.385,0.867
0.182,-0.385,0.867
0.2,-0.42,0.815
0.2,-0.42,0.815
0.2,-0.42,0.815
0.217,-0.442,0.804
0.217,-0.442,0.804
0.217,-0.442,0.804
0.229,-0.429,0.804
0.229,-0.429,0.804
0.229,-0.429,0.804
0.217,-0.402,0.812
0.217,-0.402,0.812
0.217,-0.402,0.812
0.187,-0.329,0.842
0.187,-0.329,0.842
0.187,-0.329,0.842
0.191,-0.219,0.884
0.191,-0.219,0.884
0.191,-0.219,0.884
0.28,-0.133,0.929
0.28,-0.133,0.929
0.28,-0.133,0.929
0.351,-0.043,0.982
0.351,-0.043,0.982
0.351,-0.043,0.982
0.346,0.084,1.066
0.346,0.084,1.066
0.346,0.084,1.066
0.303,0.237,1.158
0.303,0.237,1.158
0.303,0.237,1.158
0.328,0.34,1.212
0.328,0.34,1.212
0.328,0.34,1.212
0.337,0.342,1.192
0.337,0.342,1.192
0.337,0.342,1.192
0.398,0.251,1.096
0.398,0.251,1.096
0.398,0.251,1.096
0.406,0.144,0.991
0.406,0.144,0.991
0.406,0.144,0.991
0.422,0.015,0.915
0.422,0.015,0.915
0.422,0.015,0.915
0.44,-0.1,0.903
0.44,-0.1,0.903
0.44,-0.1,0.903
0.457,-0.159,0.931
0.457,-0.159,0.931
0.457,-0.159,0.931
0.43,-0.164,0.985
0.43,-0.164,0.985
0.43,-0.164,0.985
0.413,-0.154,1.033
0.413,-0.154,1.033
0.413,-0.154,1.033
0.337,-0.163,1.02
0.337,-0.163,1.02
0.337,-0.163,1.02
0.214,-0.181,0.946
0.214,-0.181,0.946
0.214,-0.181,0.946
0.149,-0.27,0.883
0.149,-0.27,0.883
0.149,-0.27,0.883
0.176,-0.331,0.874
0.176,-0.331,0.874
0.176,-0.331,0.874
0.196,-0.371,0.902
0.196,-0.371,0.902
0.196,-0.371,0.902
0.234,-0.425,0.921
0.365,0.12,1.001
0.365,0.12,1.001
0.365,0.12,1.001
0.344,0.018,0.907
0.344,0.018,0.907
0.344,0.018,0.907
0.46,-0.079,0.827
0.46,-0.079,0.827
0.46,-0.079,0.827
0.59,-0.152,0.917
0.59,-0.152,0.917
0.59,-0.152,0.917
0.672,-0.189,0.99
0.672,-0.189,0.99
0.672,-0.189,0.99
0.7,-0.185,0.987
0.7,-0.185,0.987
0.7,-0.185,0.987
0.52,-0.228,0.922
0.52,-0.228,0.922
0.52,-0.228,0.922
0.379,-0.279,0.827
0.379,-0.279,0.827
0.379,-0.279,0.827
0.261,-0.331,0.794
0.261,-0.331,0.794
0.261,-0.331,0.794
0.148,-0.364,0.826
0.148,-0.364,0.826
0.148,-0.364,0.826
0.117,-0.371,0.904
0.117,-0.371,0.904
0.117,-0.371,0.904
0.102,-0.406,0.931
0.102,-0.406,0.931
0.102,-0.406,0.931
0.181,-0.454,0.903
0.181,-0.454,0.903
0.181,-0.454,0.903
0.329,-0.518,0.881
0.329,-0.518,0.881
0.329,-0.518,0.881
0.388,-0.558,0.857
0.388,-0.558,0.857
0.388,-0.558,0.857
0.415,-0.557,0.842
0.415,-0.557,0.842
0.415,-0.557,0.842
0.362,-0.529,0.802
0.362,-0.529,0.802
0.362,-0.529,0.802
0.314,-0.454,0.758
0.314,-0.454,0.758
0.314,-0.454,0.758
0.265,-0.358,0.804
0.265,-0.358,0.804
0.265,-0.358,0.804
0.166,-0.192,0.876
0.166,-0.192,0.876
0.166,-0.192,0.876
0.306,-0.056,0.954
0.306,-0.056,0.954
0.306,-0.056,0.954
0.456,0.052,1.001
0.456,0.052,1.001
0.456,0.052,1.001
0.572,0.143,1.053
0.572,0.143,1.053
0.572,0.143,1.053
0.53,0.224,1.105
0.53,0.224,1.105
0.53,0.224,1.105
0.416,0.276,1.093
0.416,0.276,1.093
0.416,0.276,1.093
0.45,0.258,1.061
0.45,0.258,1.061
0.45,0.258,1.061
0.389,0.158,0.98
0.389,0.158,0.98
0.389,0.158,0.98
0.491,0.012,0.852
0.491,0.012,0.852
0.491,0.012,0.852
0.597,-0.105,0.816
0.597,-0.105,0.816
0.597,-0.105,0.816
0.544,-0.166,0.866
0.544,-0.166,0.866
0.544,-0.166,0.866
0.525,-0.204,0.95
0.525,-0.204,0.95
0.525,-0.204,0.95
0.511,-0.199,0.956
0.511,-0.199,0.956
0.511,-0.199,0.956
0.462,-0.177,0.902
0.462,-0.177,0.902
0.462,-0.177,0.902
0.364,-0.182,0.845
0.364,-0.182,0.845
0.364,-0.182,0.845
0.327,-0.243,0.812
0.327,-0.243,0.812
0.327,-0.243,0.812
0.33,-0.317,0.826
0.33,-0.317,0.826
0.33,-0.317,0.826
0.292,-0.362,0.859
0.292,-0.362,0.859
0.292,-0.362,0.859
0.293,-0.389,0.885
0.293,-0.389,0.885
0.293,-0.389,0.885
0.358,-0.432,0.911
0.358,-0.432,0.911
0.358,-0.432,0.911
0.475,-0.488,0.871
0.475,-0.488,0.871
0.475,-0.488,0.871
0.577,-0.535,0.833
0.577,-0.535,0.833
0.577,-0.535,0.833
0.544,-0.509,0.785
0.544,-0.509,0.785
0.544,-0.509,0.785
0.485,-0.443,0.764
0.485,-0.443,0.764
0.485,-0.443,0.764
0.384,-0.355,0.802
0.384,-0.355,0.802
0.384,-0.355,0.802
0.28,-0.232,0.87
0.28,-0.232,0.87
0.28,-0.232,0.87
0.233,-0.091,0.941
0.233,-0.091,0.941
0.233,-0.091,0.941
0.192,0.063,0.979
0.192,0.063,0.979
0.192,0.063,0.979
0.213,0.193,0.993
0.213,0.193,0.993
0.213,0.193,0.993
0.385,0.28,1.03
0.385,0.28,1.03
0.385,0.28,1.03
0.577,0.355,1.115
0.577,0.355,1.115
0.577,0.355,1.115
0.667,0.39,1.15
0.667,0.39,1.15
0.667,0.39,1.15
0.526,0.296,1.036
0.526,0.296,1.036
0.526,0.296,1.036
0.52,0.1,0.839
0.52,0.1,0.839
0.52,0.1,0.839
0.58,-0.056,0.741
0.58,-0.056,0.741
0.58,-0.056,0.741
0.589,-0.102,0.81
0.589,-0.102,0.81
0.589,-0.102,0.81
0.696,-0.132,0.929
0.696,-0.132,0.929
0.696,-0.132,0.929
0.644,-0.142,0.991
0.644,-0.142,0.991
0.644,-0.142,0.991
0.487,-0.174,0.967
0.487,-0.174,0.967
0.487,-0.174,0.967
0.329,-0.241,0.873
0.329,-0.241,0.873
0.329,-0.241,0.873
0.276,-0.313,0.809
0.276,-0.313,0.809
0.276,-0.313,0.809
0.282,-0.347,0.832
0.282,-0.347,0.832
0.282,-0.347,0.832
0.32,-0.313,0.896
0.32,-0.313,0.896
0.32,-0.313,0.896
0.351,-0.289,0.961
0.351,-0.289,0.961
0.351,-0.289,0.961
0.334,-0.303,0.975
0.334,-0.303,0.975
0.334,-0.303,0.975
0.275,-0.321,0.927
0.275,-0.321,0.927
0.275,-0.321,0.927
0.339,-0.341,0.9
0.339,-0.341,0.9
0.339,-0.341,0.9
0.336,-0.357,0.893
0.336,-0.357,0.893
0.336,-0.357,0.893
0.27,-0.346,0.883
0.27,-0.346,0.883
0.27,-0.346,0.883
0.197,-0.319,0.891
0.197,-0.319,0.891
0.197,-0.319,0.891
0.128,-0.288,0.906
0.128,-0.288,0.906
0.128,-0.288,0.906
0.152,-0.299,0.846
0.152,-0.299,0.846
0.152,-0.299,0.846
0.303,-0.244,0.864
0.303,-0.244,0.864
0.303,-0.244,0.864
0.272,-0.165,0.885
0.272,-0.165,0.885
0.272,-0.165,0.885
0.317,-0.108,0.897
0.317,-0.108,0.897
0.317,-0.108,0.897
0.426,-0.059,0.865
0.426,-0.059,0.865
0.426,-0.059,0.865
0.553,0.011,0.837
0.553,0.011,0.837
0.553,0.011,0.837
0.588,0.111,0.953
0.588,0.111,0.953
0.588,0.111,0.953
0.581,0.314,1.16
0.581,0.314,1.16
0.581,0.314,1.16
0.462,0.409,1.224
0.462,0.409,1.224
0.462,0.409,1.224
0.368,0.328,1.057
0.368,0.328,1.057
0.368,0.328,1.057
0.347,0.191,0.854
0.347,0.191,0.854
0.347,0.191,0.854
0.477,0.053,0.856
0.477,0.053,0.856
0.477,0.053,0.856
0.513,-0.058,0.914
0.513,-0.058,0.914
0.513,-0.058,0.914
0.568,-0.099,0.946
0.568,-0.099,0.946
0.568,-0.099,0.946
0.594,-0.127,0.966
0.594,-0.127,0.966
0.594,-0.127,0.966
0.528,-0.124,0.956
0.528,-0.124,0.956
0.528,-0.124,0.956
0.469,-0.12,0.934
0.469,-0.12,0.934
0.469,-0.12,0.934
0.392,-0.141,0.904
0.392,-0.141,0.904
0.392,-0.141,0.904
0.355,-0.202,0.903
0.355,-0.202,0.903
0.355,-0.202,0.903
0.314,-0.245,0.853
0.314,-0.245,0.853
0.314,-0.245,0.853
0.328,-0.286,0.866
0.328,-0.286,0.866
0.328,-0.286,0.866
0.349,-0.312,0.93
0.349,-0.312,0.93
0.349,-0.312,0.93
0.365,-0.36,0.931
0.365,-0.36,0.931
0.365,-0.36,0.931
0.265,-0.371,0.886
0.265,-0.371,0.886
0.265,-0.371,0.886
0.236,-0.383,0.885
0.236,-0.383,0.885
0.236,-0.383,0.885
0.274,-0.394,0.9
0.274,-0.394,0.9
0.274,-0.394,0.9
0.276,-0.374,0.891
0.276,-0.374,0.891
0.276,-0.374,0.891
0.282,-0.343,0.87
0.282,-0.343,0.87
0.282,-0.343,0.87
0.255,-0.318,0.824
0.255,-0.318,0.824
0.255,-0.318,0.824
0.221,-0.263,0.836
0.221,-0.263,0.836
0.221,-0.263,0.836
0.134,-0.159,0.886
0.134,-0.159,0.886
0.134,-0.159,0.886
0.115,-0.046,0.941
0.115,-0.046,0.941
0.115,-0.046,0.941
0.302,0.025,0.983
0.302,0.025,0.983
0.302,0.025,0.983
0.493,0.12,1.029
0.493,0.12,1.029
0.493,0.12,1.029
0.618,0.234,1.072
0.618,0.234,1.072
0.618,0.234,1.072
0.607,0.299,1.101
0.607,0.299,1.101
0.607,0.299,1.101
0.539,0.289,1.097
0.539,0.289,1.097
0.539,0.289,1.097
0.465,0.181,1.016
0.465,0.181,1.016
0.465,0.181,1.016
0.445,0.07,0.921
0.445,0.07,0.921
0.445,0.07,0.921
0.525,-0.039,0.867
0.525,-0.039,0.867
0.525,-0.039,0.867
0.566,-0.128,0.834
0.566,-0.128,0.834
0.566,-0.128,0.834
0.641,-0.204,0.803
0.641,-0.204,0.803
0.641,-0.204,0.803
0.641,-0.23,0.849
0.641,-0.23,0.849
0.641,-0.23,0.849
0.578,-0.241,0.876
0.578,-0.241,0.876
0.578,-0.241,0.876
0.575,-0.261,0.874
0.575,-0.261,0.874
0.575,-0.261,0.874
0.505,-0.235,0.84
0.505,-0.235,0.84
0.505,-0.235,0.84
0.389,-0.231,0.8
0.389,-0.231,0.8
0.389,-0.231,0.8
0.318,-0.267,0.822
0.318,-0.267,0.822
0.318,-0.267,0.822
0.316,-0.31,0.879
0.316,-0.31,0.879
0.316,-0.31,0.879
0.285,-0.336,0.896
0.285,-0.336,0.896
0.285,-0.336,0.896
0.281,-0.369,0.867
0.281,-0.369,0.867
0.281,-0.369,0.867
0.382,-0.452,0.844
0.382,-0.452,0.844
0.382,-0.452,0.844
0.447,-0.503,0.8
0.447,-0.503,0.8
0.447,-0.503,0.8
0.504,-0.51,0.789
0.504,-0.51,0.789
0.504,-0.51,0.789
0.509,-0.477,0.772
0.509,-0.477,0.772
0.509,-0.477,0.772
0.488,-0.431,0.778
0.488,-0.431,0.778
0.488,-0.431,0.778
0.462,-0.37,0.83
0.462,-0.37,0.83
0.462,-0.37,0.83
0.386,-0.257,0.894
0.386,-0.257,0.894
0.386,-0.257,0.894
0.31,-0.141,0.92
0.31,-0.141,0.92
0.31,-0.141,0.92
0.306,-0.06,0.911
0.306,-0.06,0.911
0.306,-0.06,0.911
0.401,0.026,0.905
0.401,0.026,0.905
0.401,0.026,0.905
0.485,0.092,0.953
0.485,0.092,0.953
0.485,0.092,0.953
0.534,0.218,1.045
0.534,0.218,1.045
0.534,0.218,1.045
0.582,0.289,1.096
0.582,0.289,1.096
0.582,0.289,1.096
0.557,0.234,1.015
0.557,0.234,1.015
0.557,0.234,1.015
0.534,0.139,0.873
0.534,0.139,0.873
0.534,0.139,0.873
0.544,0.026,0.794
0.544,0.026,0.794
0.544,0.026,0.794
0.596,-0.062,0.776
0.596,-0.062,0.776
0.596,-0.062,0.776
0.575,-0.138,0.803
0.575,-0.138,0.803
0.575,-0.138,0.803
0.522,-0.202,0.88
0.522,-0.202,0.88
0.522,-0.202,0.88
0.492,-0.215,0.965
0.492,-0.215,0.965
0.492,-0.215,0.965
0.454,-0.214,1.008
0.454,-0.214,1.008
0.454,-0.214,1.008
0.463,-0.21,0.939
0.463,-0.21,0.939
0.463,-0.21,0.939
0.606,-0.223,0.861
0.606,-0.223,0.861
0.606,-0.223,0.861
0.64,-0.273,0.83
0.64,-0.273,0.83
0.64,-0.273,0.83
0.481,-0.284,0.797
0.481,-0.284,0.797
0.481,-0.284,0.797
0.438,-0.323,0.831
0.438,-0.323,0.831
0.438,-0.323,0.831
0.469,-0.376,0.895
0.469,-0.376,0.895
0.469,-0.376,0.895
0.422,-0.41,0.879
0.422,-0.41,0.879
0.422,-0.41,0.879
0.343,-0.412,0.858
0.343,-0.412,0.858
0.343,-0.412,0.858
0.264,-0.407,0.859
0.264,-0.407,0.859
0.264,-0.407,0.859
0.325,-0.418,0.823
0.325,-0.418,0.823
0.325,-0.418,0.823
0.386,-0.427,0.797
0.386,-0.427,0.797
0.386,-0.427,0.797
0.37,-0.402,0.806
0.37,-0.402,0.806
0.37,-0.402,0.806
0.349,-0.351,0.838
0.349,-0.351,0.838
0.349,-0.351,0.838
0.281,-0.275,0.854
0.281,-0.275,0.854
0.281,-0.275,0.854
0.18,-0.166,0.877
0.18,-0.166,0.877
0.18,-0.166,0.877
0.115,-0.047,0.899
0.115,-0.047,0.899
0.115,-0.047,0.899
0.216,0.026,0.94
0.216,0.026,0.94
0.216,0.026,0.94
0.519,0.101,1.03
0.519,0.101,1.03
0.519,0.101,1.03
0.697,0.219,1.155
0.697,0.219,1.155
0.697,0.219,1.155
0.557,0.36,1.195
0.557,0.36,1.195
0.557,0.36,1.195
0.477,0.33,1.099
0.477,0.33,1.099
0.477,0.33,1.099
0.428,0.173,0.904
0.428,0.173,0.904
0.428,0.173,0.904
0.458,0.012,0.807
0.458,0.012,0.807
0.458,0.012,0.807
0.547,-0.112,0.833
0.547,-0.112,0.833
0.547,-0.112,0.833
0.667,-0.178,0.871
0.158,0.211,1.134
0.158,0.211,1.134
0.158,0.211,1.134
0.183,0.308,1.15
0.183,0.308,1.15
0.183,0.308,1.15
0.305,0.351,1.109
0.305,0.351,1.109
0.305,0.351,1.109
0.31,0.301,1.027
0.31,0.301,1.027
0.31,0.301,1.027
0.237,0.201,0.957
0.237,0.201,0.957
0.237,0.201,0.957
0.349,0.082,0.933
0.349,0.082,0.933
0.349,0.082,0.933
0.375,-0.047,0.937
0.375,-0.047,0.937
0.375,-0.047,0.937
0.334,-0.169,0.918
0.334,-0.169,0.918
0.334,-0.169,0.918
0.278,-0.25,0.992
0.278,-0.25,0.992
0.278,-0.25,0.992
0.258,-0.256,1.061
0.258,-0.256,1.061
0.258,-0.256,1.061
0.381,-0.209,1.07
0.381,-0.209,1.07
0.381,-0.209,1.07
0.413,-0.158,1.046
0.413,-0.158,1.046
0.413,-0.158,1.046
0.177,-0.104,0.96
0.177,-0.104,0.96
0.177,-0.104,0.96
-0.015,-0.097,0.888
-0.015,-0.097,0.888
-0.015,-0.097,0.888
-0.123,-0.149,0.919
-0.123,-0.149,0.919
-0.123,-0.149,0.919
-0.146,-0.199,1.004
-0.146,-0.199,1.004
-0.146,-0.199,1.004
0.05,-0.299,1.05
0.05,-0.299,1.05
0.05,-0.299,1.05
0.263,-0.405,1.003
0.263,-0.405,1.003
0.263,-0.405,1.003
0.412,-0.505,0.93
0.412,-0.505,0.93
0.412,-0.505,0.93
0.433,-0.546,0.902
0.433,-0.546,0.902
0.433,-0.546,0.902
0.336,-0.526,0.876
0.336,-0.526,0.876
0.336,-0.526,0.876
0.198,-0.477,0.856
0.198,-0.477,0.856
0.198,-0.477,0.856
0.046,-0.376,0.822
0.046,-0.376,0.822
0.046,-0.376,0.822
0.08,-0.238,0.813
0.08,-0.238,0.813
0.08,-0.238,0.813
0.128,-0.066,0.905
0.128,-0.066,0.905
0.128,-0.066,0.905
0.167,0.102,1.019
0.167,0.102,1.019
0.167,0.102,1.019
0.384,0.272,1.118
0.384,0.272,1.118
0.384,0.272,1.118
0.47,0.41,1.17
0.47,0.41,1.17
0.47,0.41,1.17
0.348,0.515,1.095
0.348,0.515,1.095
0.348,0.515,1.095
0.396,0.499,1.026
0.396,0.499,1.026
0.396,0.499,1.026
0.411,0.318,0.951
0.411,0.318,0.951
0.411,0.318,0.951
0.481,0.11,0.861
0.481,0.11,0.861
0.481,0.11,0.861
0.546,-0.015,0.868
0.546,-0.015,0.868
0.546,-0.015,0.868
0.589,-0.078,0.962
0.589,-0.078,0.962
0.589,-0.078,0.962
0.579,-0.126,1.01
0.579,-0.126,1.01
0.579,-0.126,1.01
0.515,-0.135,0.976
0.515,-0.135,0.976
0.515,-0.135,0.976
0.353,-0.146,0.922
0.353,-0.146,0.922
0.353,-0.146,0.922
0.218,-0.172,0.879
0.218,-0.172,0.879
0.218,-0.172,0.879
0.205,-0.219,0.849
0.205,-0.219,0.849
0.205,-0.219,0.849
0.296,-0.274,0.88
0.296,-0.274,0.88
0.296,-0.274,0.88
0.303,-0.342,0.938
0.303,-0.342,0.938
0.303,-0.342,0.938
0.286,-0.368,0.945
0.286,-0.368,0.945
0.286,-0.368,0.945
0.295,-0.425,0.914
0.295,-0.425,0.914
0.295,-0.425,0.914
0.316,-0.531,0.886
0.316,-0.531,0.886
0.316,-0.531,0.886
0.399,-0.581,0.846
0.399,-0.581,0.846
0.399,-0.581,0.846
0.502,-0.563,0.806
0.502,-0.563,0.806
0.502,-0.563,0.806
0.551,-0.48,0.825
0.551,-0.48,0.825
0.551,-0.48,0.825
0.446,-0.344,0.879
0.446,-0.344,0.879
0.446,-0.344,0.879
0.266,-0.173,0.935
0.266,-0.173,0.935
0.266,-0.173,0.935
0.133,-0.029,0.957
0.133,-0.029,0.957
0.133,-0.029,0.957
0.033,0.071,0.973
0.033,0.071,0.973
0.033,0.071,0.973
0.144,0.187,0.985
0.144,0.187,0.985
0.144,0.187,0.985
0.354,0.279,1.052
0.354,0.279,1.052
0.354,0.279,1.052
0.388,0.396,1.16
0.388,0.396,1.16
0.388,0.396,1.16
0.372,0.487,1.158
0.372,0.487,1.158
0.372,0.487,1.158
0.443,0.393,1.078
0.443,0.393,1.078
0.443,0.393,1.078
0.442,0.231,0.947
0.442,0.231,0.947
0.442,0.231,0.947
0.453,0.057,0.831
0.453,0.057,0.831
0.453,0.057,0.831
0.494,-0.056,0.767
0.494,-0.056,0.767
0.494,-0.056,0.767
0.523,-0.102,0.848
0.523,-0.102,0.848
0.523,-0.102,0.848
0.5,-0.104,0.977
0.5,-0.104,0.977
0.5,-0.104,0.977
0.535,-0.103,1.046
0.535,-0.103,1.046
0.535,-0.103,1.046
0.498,-0.144,1.022
0.498,-0.144,1.022
0.498,-0.144,1.022
0.387,-0.168,0.942
0.387,-0.168,0.942
0.387,-0.168,0.942
0.298,-0.188,0.88
0.298,-0.188,0.88
0.298,-0.188,0.88
0.21,-0.246,0.89
0.21,-0.246,0.89
0.21,-0.246,0.89
0.133,-0.268,0.95
0.133,-0.268,0.95
0.133,-0.268,0.95
0.183,-0.313,0.977
0.183,-0.313,0.977
0.183,-0.313,0.977
0.3,-0.397,0.93
0.3,-0.397,0.93
0.3,-0.397,0.93
0.41,-0.469,0.879
0.41,-0.469,0.879
0.41,-0.469,0.879
0.437,-0.492,0.878
0.437,-0.492,0.878
0.437,-0.492,0.878
0.4,-0.48,0.879
0.4,-0.48,0.879
0.4,-0.48,0.879
0.327,-0.447,0.862
0.327,-0.447,0.862
0.327,-0.447,0.862
0.239,-0.393,0.836
0.239,-0.393,0.836
0.239,-0.393,0.836
0.145,-0.327,0.829
0.145,-0.327,0.829
0.145,-0.327,0.829
0.063,-0.25,0.835
0.063,-0.25,0.835
0.063,-0.25,0.835
0.081,-0.146,0.896
0.081,-0.146,0.896
0.081,-0.146,0.896
0.206,0.009,0.97
0.206,0.009,0.97
0.206,0.009,0.97
0.376,0.187,1.026
0.376,0.187,1.026
0.376,0.187,1.026
0.398,0.319,1.044
0.398,0.319,1.044
0.398,0.319,1.044
0.349,0.454,1.067
0.349,0.454,1.067
0.349,0.454,1.067
0.489,0.501,1.082
0.489,0.501,1.082
0.489,0.501,1.082
0.497,0.365,1.047
0.497,0.365,1.047
0.497,0.365,1.047
0.507,0.157,0.98
0.507,0.157,0.98
0.507,0.157,0.98
0.584,-0.004,0.904
0.584,-0.004,0.904
0.584,-0.004,0.904
0.609,-0.054,0.945
0.609,-0.054,0.945
0.609,-0.054,0.945
0.515,-0.043,1.007
0.515,-0.043,1.007
0.515,-0.043,1.007
0.399,-0.039,0.996
0.399,-0.039,0.996
0.399,-0.039,0.996
0.342,-0.035,0.964
0.342,-0.035,0.964
0.342,-0.035,0.964
0.267,-0.045,0.918
0.267,-0.045,0.918
0.267,-0.045,0.918
0.173,-0.028,0.881
0.173,-0.028,0.881
0.173,-0.028,0.881
0.114,-0.082,0.923
0.114,-0.082,0.923
0.114,-0.082,0.923
0.051,-0.167,0.967
0.051,-0.167,0.967
0.051,-0.167,0.967
0.16,-0.227,0.962
0.16,-0.227,0.962
0.16,-0.227,0.962
0.386,-0.352,0.927
0.386,-0.352,0.927
0.386,-0.352,0.927
0.506,-0.466,0.888
0.506,-0.466,0.888
0.506,-0.466,0.888
0.559,-0.537,0.85
0.559,-0.537,0.85
0.559,-0.537,0.85
0.519,-0.555,0.851
0.519,-0.555,0.851
0.519,-0.555,0.851
0.451,-0.52,0.844
0.451,-0.52,0.844
0.451,-0.52,0.844
0.335,-0.457,0.842
0.335,-0.457,0.842
0.335,-0.457,0.842
0.197,-0.338,0.863
0.197,-0.338,0.863
0.197,-0.338,0.863
0.148,-0.212,0.928
0.148,-0.212,0.928
0.148,-0.212,0.928
0.214,-0.064,0.988
0.214,-0.064,0.988
0.214,-0.064,0.988
0.393,0.086,1.032
0.393,0.086,1.032
0.393,0.086,1.032
0.487,0.19,1.068
0.487,0.19,1.068
0.487,0.19,1.068
0.44,0.281,1.116
0.44,0.281,1.116
0.44,0.281,1.116
0.389,0.377,1.097
0.389,0.377,1.097
0.389,0.377,1.097
0.416,0.408,1.004
0.416,0.408,1.004
0.416,0.408,1.004
0.546,0.376,0.969
0.546,0.376,0.969
0.546,0.376,0.969
0.538,0.311,0.96
0.538,0.311,0.96
0.538,0.311,0.96
0.433,0.166,0.898
0.433,0.166,0.898
0.433,0.166,0.898
0.421,-0.013,0.838
0.421,-0.013,0.838
0.421,-0.013,0.838
0.446,-0.138,0.818
0.446,-0.138,0.818
0.446,-0.138,0.818
0.475,-0.225,0.866
0.475,-0.225,0.866
0.475,-0.225,0.866
0.475,-0.248,0.951
0.475,-0.248,0.951
0.475,-0.248,0.951
0.474,-0.204,1.003
0.474,-0.204,1.003
0.474,-0.204,1.003
0.441,-0.184,0.963
0.441,-0.184,0.963
0.441,-0.184,0.963
0.331,-0.121,0.9
0.331,-0.121,0.9
0.331,-0.121,0.9
0.174,-0.07,0.888
0.174,-0.07,0.888
0.174,-0.07,0.888
0.1,-0.1,0.949
0.1,-0.1,0.949
0.1,-0.1,0.949
0.135,-0.166,1.02
0.135,-0.166,1.02
0.135,-0.166,1.02
0.214,-0.25,1.022
0.214,-0.25,1.022
0.214,-0.25,1.022
0.359,-0.332,0.965
0.359,-0.332,0.965
0.359,-0.332,0.965
0.476,-0.431,0.876
0.476,-0.431,0.876
0.476,-0.431,0.876
0.5,-0.459,0.823
0.5,-0.459,0.823
0.5,-0.459,0.823
0.452,-0.457,0.804
0.452,-0.457,0.804
0.452,-0.457,0.804
0.365,-0.437,0.801
0.365,-0.437,0.801
0.365,-0.437,0.801
0.253,-0.386,0.809
0.253,-0.386,0.809
0.253,-0.386,0.809
0.186,-0.322,0.857
0.186,-0.322,0.857
0.186,-0.322,0.857
0.162,-0.248,0.872
0.162,-0.248,0.872
0.162,-0.248,0.872
0.251,-0.124,0.893
0.251,-0.124,0.893
0.251,-0.124,0.893
0.419,0.051,0.963
0.419,0.051,0.963
0.419,0.051,0.963
0.552,0.216,1.001
0.552,0.216,1.001
0.552,0.216,1.001
0.586,0.327,1.067
0.586,0.327,1.067
0.586,0.327,1.067
0.536,0.468,1.117
0.536,0.468,1.117
0.536,0.468,1.117
0.554,0.513,1.098
0.554,0.513,1.098
0.554,0.513,1.098
0.451,0.426,0.985
0.451,0.426,0.985
0.451,0.426,0.985
0.471,0.265,0.869
0.471,0.265,0.869
0.471,0.265,0.869
0.522,0.11,0.843
0.522,0.11,0.843
0.522,0.11,0.843
0.506,-0.02,0.881
0.506,-0.02,0.881
0.506,-0.02,0.881
0.445,-0.131,0.888
0.445,-0.131,0.888
0.445,-0.131,0.888
0.347,-0.218,0.914
0.347,-0.218,0.914
0.347,-0.218,0.914
0.335,-0.238,0.938
0.335,-0.238,0.938
0.335,-0.238,0.938
0.337,-0.188,0.977
0.337,-0.188,0.977
0.337,-0.188,0.977
0.371,-0.134,0.997
0.371,-0.134,0.997
0.371,-0.134,0.997
0.421,-0.101,0.982
0.421,-0.101,0.982
0.421,-0.101,0.982
0.371,-0.099,0.927
0.371,-0.099,0.927
0.371,-0.099,0.927
0.26,-0.156,0.896
0.26,-0.156,0.896
0.26,-0.156,0.896
0.27,-0.226,0.935
0.27,-0.226,0.935
0.27,-0.226,0.935
0.329,-0.298,0.976
0.329,-0.298,0.976
0.329,-0.298,0.976
0.433,-0.4,0.954
0.433,-0.4,0.954
0.433,-0.4,0.954
0.502,-0.476,0.898
0.502,-0.476,0.898
0.502,-0.476,0.898
0.471,-0.494,0.861
0.471,-0.494,0.861
0.471,-0.494,0.861
0.437,-0.477,0.825
0.437,-0.477,0.825
0.437,-0.477,0.825
0.384,-0.449,0.793
0.384,-0.449,0.793
0.384,-0.449,0.793
0.324,-0.41,0.797
0.324,-0.41,0.797
0.324,-0.41,0.797
0.271,-0.316,0.828
0.271,-0.316,0.828
0.271,-0.316,0.828
0.236,-0.165,0.895
0.236,-0.165,0.895
0.236,-0.165,0.895
0.199,-0.024,0.95
0.199,-0.024,0.95
0.199,-0.024,0.95
0.279,0.086,0.971
0.279,0.086,0.971
0.279,0.086,0.971
0.392,0.21,1.002
0.392,0.21,1.002
0.392,0.21,1.002
0.46,0.34,1.068
0.46,0.34,1.068
0.46,0.34,1.068
0.454,0.44,1.139
0.454,0.44,1.139
0.454,0.44,1.139
0.515,0.436,1.116
0.515,0.436,1.116
0.515,0.436,1.116
0.463,0.339,1.001
0.463,0.339,1.001
0.463,0.339,1.001
0.464,0.165,0.879
0.464,0.165,0.879
0.464,0.165,0.879
0.503,0.004,0.834
0.211,-0.284,0.906
0.211,-0.284,0.906
0.211,-0.284,0.906
0.323,-0.188,0.968
0.323,-0.188,0.968
0.323,-0.188,0.968
0.405,-0.095,1.0
0.405,-0.095,1.0
0.405,-0.095,1.0
0.468,0.029,0.979
0.468,0.029,0.979
0.468,0.029,0.979
0.499,0.184,0.912
0.499,0.184,0.912
0.499,0.184,0.912
0.532,0.302,0.949
0.532,0.302,0.949
0.532,0.302,0.949
0.501,0.366,1.057
0.501,0.366,1.057
0.501,0.366,1.057
0.518,0.401,1.081
0.518,0.401,1.081
0.518,0.401,1.081
0.519,0.278,0.991
0.519,0.278,0.991
0.519,0.278,0.991
0.423,0.001,0.844
0.423,0.001,0.844
0.423,0.001,0.844
0.288,-0.165,0.815
0.288,-0.165,0.815
0.288,-0.165,0.815
0.397,-0.256,0.869
0.397,-0.256,0.869
0.397,-0.256,0.869
0.657,-0.255,0.982
0.657,-0.255,0.982
0.657,-0.255,0.982
0.702,-0.191,1.124
0.702,-0.191,1.124
0.702,-0.191,1.124
0.54,-0.102,1.089
0.54,-0.102,1.089
0.54,-0.102,1.089
0.401,-0.086,0.953
0.401,-0.086,0.953
0.401,-0.086,0.953
0.252,-0.1,0.85
0.252,-0.1,0.85
0.252,-0.1,0.85
0.055,-0.136,0.824
0.055,-0.136,0.824
0.055,-0.136,0.824
-0.026,-0.231,0.888
-0.026,-0.231,0.888
-0.026,-0.231,0.888
0.017,-0.311,0.987
0.017,-0.311,0.987
0.017,-0.311,0.987
0.068,-0.359,1.066
0.068,-0.359,1.066
0.068,-0.359,1.066
0.175,-0.417,1.066
0.175,-0.417,1.066
0.175,-0.417,1.066
0.34,-0.51,1.0
0.34,-0.51,1.0
0.34,-0.51,1.0
0.451,-0.577,0.915
0.451,-0.577,0.915
0.451,-0.577,0.915
0.466,-0.566,0.874
0.466,-0.566,0.874
0.466,-0.566,0.874
0.363,-0.514,0.846
0.363,-0.514,0.846
0.363,-0.514,0.846
0.243,-0.43,0.838
0.243,-0.43,0.838
0.243,-0.43,0.838
0.134,-0.331,0.858
0.134,-0.331,0.858
0.134,-0.331,0.858
0.091,-0.184,0.897
0.091,-0.184,0.897
0.091,-0.184,0.897
0.114,-0.045,0.931
0.114,-0.045,0.931
0.114,-0.045,0.931
0.211,0.123,0.947
0.211,0.123,0.947
0.211,0.123,0.947
0.328,0.272,0.947
0.328,0.272,0.947
0.328,0.272,0.947
0.407,0.367,0.97
0.407,0.367,0.97
0.407,0.367,0.97
0.45,0.427,0.98
0.45,0.427,0.98
0.45,0.427,0.98
0.585,0.402,0.972
0.585,0.402,0.972
0.585,0.402,0.972
0.608,0.299,0.974
0.608,0.299,0.974
0.608,0.299,0.974
0.559,0.151,0.931
0.559,0.151,0.931
0.559,0.151,0.931
0.589,-0.014,0.873
0.589,-0.014,0.873
0.589,-0.014,0.873
0.56,-0.125,0.887
0.56,-0.125,0.887
0.56,-0.125,0.887
0.452,-0.13,0.939
0.452,-0.13,0.939
0.452,-0.13,0.939
0.429,-0.09,1.03
0.429,-0.09,1.03
0.429,-0.09,1.03
0.413,-0.04,1.071
0.413,-0.04,1.071
0.413,-0.04,1.071
0.394,-0.021,1.024
0.394,-0.021,1.024
0.394,-0.021,1.024
0.314,0.017,0.932
0.314,0.017,0.932
0.314,0.017,0.932
0.279,0.083,0.874
0.279,0.083,0.874
0.279,0.083,0.874
0.183,0.024,0.904
0.183,0.024,0.904
0.183,0.024,0.904
0.049,-0.099,0.97
0.049,-0.099,0.97
0.049,-0.099,0.97
0.047,-0.228,0.986
0.047,-0.228,0.986
0.047,-0.228,0.986
0.099,-0.355,0.944
0.099,-0.355,0.944
0.099,-0.355,0.944
0.242,-0.44,0.901
0.242,-0.44,0.901
0.242,-0.44,0.901
0.397,-0.501,0.904
0.397,-0.501,0.904
0.397,-0.501,0.904
0.504,-0.518,0.882
0.504,-0.518,0.882
0.504,-0.518,0.882
0.516,-0.492,0.851
0.516,-0.492,0.851
0.516,-0.492,0.851
0.421,-0.42,0.84
0.421,-0.42,0.84
0.421,-0.42,0.84
0.302,-0.328,0.865
0.302,-0.328,0.865
0.302,-0.328,0.865
0.172,-0.219,0.885
0.172,-0.219,0.885
0.172,-0.219,0.885
0.148,-0.095,0.921
0.148,-0.095,0.921
0.148,-0.095,0.921
0.18,0.015,0.96
0.18,0.015,0.96
0.18,0.015,0.96
0.258,0.145,0.964
0.258,0.145,0.964
0.258,0.145,0.964
0.427,0.239,1.002
0.427,0.239,1.002
0.427,0.239,1.002
0.562,0.277,1.039
0.562,0.277,1.039
0.562,0.277,1.039
0.607,0.297,1.039
0.607,0.297,1.039
0.607,0.297,1.039
0.647,0.288,1.067
0.647,0.288,1.067
0.647,0.288,1.067
0.593,0.255,1.058
0.593,0.255,1.058
0.593,0.255,1.058
0.505,0.109,0.901
0.505,0.109,0.901
0.505,0.109,0.901
0.451,-0.04,0.743
0.451,-0.04,0.743
0.451,-0.04,0.743
0.466,-0.12,0.746
0.466,-0.12,0.746
0.466,-0.12,0.746
0.546,-0.158,0.913
0.546,-0.158,0.913
0.546,-0.158,0.913
0.55,-0.148,1.06
0.55,-0.148,1.06
0.55,-0.148,1.06
0.555,-0.091,1.107
0.555,-0.091,1.107
0.555,-0.091,1.107
0.511,-0.06,1.02
0.511,-0.06,1.02
0.511,-0.06,1.02
0.412,-0.066,0.852
0.412,-0.066,0.852
0.412,-0.066,0.852
0.307,-0.138,0.801
0.307,-0.138,0.801
0.307,-0.138,0.801
0.254,-0.201,0.858
0.254,-0.201,0.858
0.254,-0.201,0.858
0.314,-0.196,0.969
0.314,-0.196,0.969
0.314,-0.196,0.969
0.359,-0.205,1.045
0.359,-0.205,1.045
0.359,-0.205,1.045
0.302,-0.26,1.019
0.302,-0.26,1.019
0.302,-0.26,1.019
0.226,-0.308,0.926
0.226,-0.308,0.926
0.226,-0.308,0.926
0.227,-0.354,0.846
0.227,-0.354,0.846
0.227,-0.354,0.846
0.23,-0.388,0.838
0.23,-0.388,0.838
0.23,-0.388,0.838
0.264,-0.398,0.87
0.264,-0.398,0.87
0.264,-0.398,0.87
0.25,-0.392,0.878
0.25,-0.392,0.878
0.25,-0.392,0.878
0.158,-0.364,0.869
0.158,-0.364,0.869
0.158,-0.364,0.869
0.112,-0.312,0.853
0.112,-0.312,0.853
0.112,-0.312,0.853
0.127,-0.254,0.847
0.127,-0.254,0.847
0.127,-0.254,0.847
0.151,-0.187,0.875
0.151,-0.187,0.875
0.151,-0.187,0.875
0.239,-0.112,0.896
0.239,-0.112,0.896
0.239,-0.112,0.896
0.364,-0.029,0.948
0.364,-0.029,0.948
0.364,-0.029,0.948
0.435,0.089,1.034
0.435,0.089,1.034
0.435,0.089,1.034
0.505,0.208,1.092
0.505,0.208,1.092
0.505,0.208,1.092
0.521,0.298,1.093
0.521,0.298,1.093
0.521,0.298,1.093
0.522,0.35,1.108
0.522,0.35,1.108
0.522,0.35,1.108
0.492,0.3,1.102
0.492,0.3,1.102
0.492,0.3,1.102
0.406,0.195,1.015
0.406,0.195,1.015
0.406,0.195,1.015
0.409,0.058,0.87
0.409,0.058,0.87
0.409,0.058,0.87
0.512,-0.094,0.779
0.512,-0.094,0.779
0.512,-0.094,0.779
0.562,-0.177,0.811
0.562,-0.177,0.811
0.562,-0.177,0.811
0.582,-0.155,0.928
0.582,-0.155,0.928
0.582,-0.155,0.928
0.603,-0.123,1.01
0.603,-0.123,1.01
0.603,-0.123,1.01
0.573,-0.111,1.014
0.573,-0.111,1.014
0.573,-0.111,1.014
0.455,-0.129,0.949
0.455,-0.129,0.949
0.455,-0.129,0.949
0.325,-0.155,0.873
0.325,-0.155,0.873
0.325,-0.155,0.873
0.177,-0.21,0.864
0.177,-0.21,0.864
0.177,-0.21,0.864
0.111,-0.243,0.909
0.111,-0.243,0.909
0.111,-0.243,0.909
0.095,-0.264,0.969
0.095,-0.264,0.969
0.095,-0.264,0.969
0.155,-0.289,1.015
0.155,-0.289,1.015
0.155,-0.289,1.015
0.289,-0.334,0.982
0.289,-0.334,0.982
0.289,-0.334,0.982
0.333,-0.379,0.914
0.333,-0.379,0.914
0.333,-0.379,0.914
0.317,-0.411,0.84
0.317,-0.411,0.84
0.317,-0.411,0.84
0.334,-0.421,0.814
0.334,-0.421,0.814
0.334,-0.421,0.814
0.328,-0.41,0.817
0.328,-0.41,0.817
0.328,-0.41,0.817
0.326,-0.37,0.848
0.326,-0.37,0.848
0.326,-0.37,0.848
0.31,-0.344,0.864
0.31,-0.344,0.864
0.31,-0.344,0.864
0.264,-0.279,0.876
0.264,-0.279,0.876
0.264,-0.279,0.876
0.223,-0.191,0.884
0.223,-0.191,0.884
0.223,-0.191,0.884
0.225,-0.075,0.908
0.225,-0.075,0.908
0.225,-0.075,0.908
0.259,0.084,0.965
0.259,0.084,0.965
0.259,0.084,0.965
0.286,0.239,1.067
0.286,0.239,1.067
0.286,0.239,1.067
0.331,0.359,1.14
0.331,0.359,1.14
0.331,0.359,1.14
0.495,0.378,1.127
0.495,0.378,1.127
0.495,0.378,1.127
0.546,0.343,1.065
0.546,0.343,1.065
0.546,0.343,1.065
0.489,0.251,1.005
0.489,0.251,1.005
0.489,0.251,1.005
0.394,0.124,0.89
0.394,0.124,0.89
0.394,0.124,0.89
0.49,-0.054,0.725
0.49,-0.054,0.725
0.49,-0.054,0.725
0.604,-0.159,0.765
0.604,-0.159,0.765
0.604,-0.159,0.765
0.584,-0.19,0.883
0.584,-0.19,0.883
0.584,-0.19,0.883
0.645,-0.148,0.971
0.645,-0.148,0.971
0.645,-0.148,0.971
0.623,-0.129,1.018
0.623,-0.129,1.018
0.623,-0.129,1.018
0.437,-0.111,0.948
0.437,-0.111,0.948
0.437,-0.111,0.948
0.23,-0.144,0.87
0.23,-0.144,0.87
0.23,-0.144,0.87
0.127,-0.2,0.881
0.127,-0.2,0.881
0.127,-0.2,0.881
0.174,-0.202,0.966
0.174,-0.202,0.966
0.174,-0.202,0.966
0.229,-0.198,1.06
0.229,-0.198,1.06
0.229,-0.198,1.06
0.26,-0.245,1.051
0.26,-0.245,1.051
0.26,-0.245,1.051
0.271,-0.314,0.951
0.271,-0.314,0.951
0.271,-0.314,0.951
0.291,-0.387,0.894
0.291,-0.387,0.894
0.291,-0.387,0.894
0.328,-0.432,0.904
0.328,-0.432,0.904
0.328,-0.432,0.904
0.337,-0.421,0.909
0.337,-0.421,0.909
0.337,-0.421,0.909
0.252,-0.385,0.868
0.252,-0.385,0.868
0.252,-0.385,0.868
0.172,-0.363,0.819
0.172,-0.363,0.819
0.172,-0.363,0.819
0.163,-0.333,0.814
0.163,-0.333,0.814
0.163,-0.333,0.814
0.146,-0.288,0.864
0.146,-0.288,0.864
0.146,-0.288,0.864
0.156,-0.221,0.911
0.156,-0.221,0.911
0.156,-0.221,0.911
0.2,-0.149,0.94
0.2,-0.149,0.94
0.2,-0.149,0.94
0.32,-0.046,0.943
0.32,-0.046,0.943
0.32,-0.046,0.943
0.472,0.054,0.958
0.472,0.054,0.958
0.472,0.054,0.958
0.492,0.185,1.065
0.492,0.185,1.065
0.492,0.185,1.065
0.387,0.35,1.189
0.387,0.35,1.189
0.387,0.35,1.189
0.327,0.406,1.145
0.327,0.406,1.145
0.327,0.406,1.145
0.393,0.327,0.998
0.393,0.327,0.998
0.393,0.327,0.998
0.45,0.187,0.916
0.45,0.187,0.916
0.45,0.187,0.916
0.48,0.037,0.889
0.48,0.037,0.889
0.48,0.037,0.889
0.465,-0.071,0.903
0.465,-0.071,0.903
0.465,-0.071,0.903
0.432,-0.171,0.887
0.432,-0.171,0.887
0.432,-0.171,0.887
0.5,-0.215,0.896
0.5,-0.215,0.896
0.5,-0.215,0.896
0.473,-0.197,0.956
0.473,-0.197,0.956
0.473,-0.197,0.956
0.484,-0.153,0.956
0.484,-0.153,0.956
0.484,-0.153,0.956
0.567,-0.122,0.937
0.567,-0.122,0.937
0.567,-0.122,0.937
0.54,-0.124,0.924
0.54,-0.124,0.924
0.54,-0.124,0.924
0.401,-0.154,0.891
0.401,-0.154,0.891
0.401,-0.154,0.891
0.252,-0.223,0.911
0.252,-0.223,0.911
0.252,-0.223,0.911
0.134,-0.241,0.973
0.134,-0.241,0.973
0.134,-0.241,0.973
0.155,-0.279,1.008
0.155,-0.279,1.008
0.155,-0.279,1.008
0.24,-0.36,0.951
0.24,-0.36,0.951
0.24,-0.36,0.951
0.348,-0.441,0.864
0.348,-0.441,0.864
0.348,-0.441,0.864
0.392,-0.466,0.87
0.392,-0.466,0.87
0.392,-0.466,0.87
0.366,-0.453,0.881
0.57,-0.352,0.994
0.57,-0.352,0.994
0.57,-0.352,0.994
0.542,-0.311,0.969
0.542,-0.311,0.969
0.542,-0.311,0.969
0.448,-0.28,0.858
0.448,-0.28,0.858
0.448,-0.28,0.858
0.388,-0.226,0.832
0.388,-0.226,0.832
0.388,-0.226,0.832
0.238,-0.211,0.88
0.238,-0.211,0.88
0.238,-0.211,0.88
0.213,-0.226,0.943
0.213,-0.226,0.943
0.213,-0.226,0.943
0.19,-0.27,0.969
0.19,-0.27,0.969
0.19,-0.27,0.969
0.183,-0.34,0.952
0.183,-0.34,0.952
0.183,-0.34,0.952
0.278,-0.451,0.888
0.278,-0.451,0.888
0.278,-0.451,0.888
0.349,-0.513,0.892
0.349,-0.513,0.892
0.349,-0.513,0.892
0.376,-0.562,0.908
0.376,-0.562,0.908
0.376,-0.562,0.908
0.398,-0.555,0.89
0.398,-0.555,0.89
0.398,-0.555,0.89
0.432,-0.498,0.894
0.432,-0.498,0.894
0.432,-0.498,0.894
0.407,-0.432,0.872
0.407,-0.432,0.872
0.407,-0.432,0.872
0.301,-0.355,0.866
0.301,-0.355,0.866
0.301,-0.355,0.866
0.185,-0.255,0.914
0.185,-0.255,0.914
0.185,-0.255,0.914
0.135,-0.143,0.947
0.135,-0.143,0.947
0.135,-0.143,0.947
0.243,-0.038,0.97
0.243,-0.038,0.97
0.243,-0.038,0.97
0.386,0.089,1.018
0.386,0.089,1.018
0.386,0.089,1.018
0.355,0.185,0.951
0.355,0.185,0.951
0.355,0.185,0.951
0.409,0.317,0.96
0.409,0.317,0.96
0.409,0.317,0.96
0.523,0.347,1.09
0.523,0.347,1.09
0.523,0.347,1.09
0.405,0.221,1.101
0.405,0.221,1.101
0.405,0.221,1.101
0.288,0.06,0.972
0.288,0.06,0.972
0.288,0.06,0.972
0.419,-0.138,0.77
0.419,-0.138,0.77
0.419,-0.138,0.77
0.568,-0.248,0.737
0.568,-0.248,0.737
0.568,-0.248,0.737
0.52,-0.265,0.858
0.52,-0.265,0.858
0.52,-0.265,0.858
0.562,-0.232,0.999
0.562,-0.232,0.999
0.562,-0.232,0.999
0.554,-0.21,1.047
0.554,-0.21,1.047
0.554,-0.21,1.047
0.466,-0.179,1.019
0.466,-0.179,1.019
0.466,-0.179,1.019
0.166,-0.165,0.907
0.166,-0.165,0.907
0.166,-0.165,0.907
-0.004,-0.176,0.776
-0.004,-0.176,0.776
-0.004,-0.176,0.776
-0.078,-0.193,0.814
-0.078,-0.193,0.814
-0.078,-0.193,0.814
-0.101,-0.176,0.973
-0.101,-0.176,0.973
-0.101,-0.176,0.973
-0.075,-0.159,1.096
-0.075,-0.159,1.096
-0.075,-0.159,1.096
0.056,-0.2,1.083
0.056,-0.2,1.083
0.056,-0.2,1.083
0.168,-0.311,1.0
0.168,-0.311,1.0
0.168,-0.311,1.0
0.298,-0.415,0.882
0.298,-0.415,0.882
0.298,-0.415,0.882
0.392,-0.449,0.843
0.392,-0.449,0.843
0.392,-0.449,0.843
0.358,-0.474,0.863
0.358,-0.474,0.863
0.358,-0.474,0.863
0.318,-0.476,0.885
0.318,-0.476,0.885
0.318,-0.476,0.885
0.257,-0.481,0.898
0.257,-0.481,0.898
0.257,-0.481,0.898
0.14,-0.465,0.866
0.14,-0.465,0.866
0.14,-0.465,0.866
0.045,-0.438,0.887
0.045,-0.438,0.887
0.045,-0.438,0.887
0.027,-0.37,0.932
0.027,-0.37,0.932
0.027,-0.37,0.932
0.08,-0.269,0.973
0.08,-0.269,0.973
0.08,-0.269,0.973
0.213,-0.156,0.99
0.213,-0.156,0.99
0.213,-0.156,0.99
0.328,-0.066,0.984
0.328,-0.066,0.984
0.328,-0.066,0.984
0.392,0.056,0.975
0.392,0.056,0.975
0.392,0.056,0.975
0.505,0.177,1.008
0.505,0.177,1.008
0.505,0.177,1.008
0.618,0.227,1.057
0.618,0.227,1.057
0.618,0.227,1.057
0.599,0.271,1.132
0.599,0.271,1.132
0.599,0.271,1.132
0.478,0.235,1.116
0.478,0.235,1.116
0.478,0.235,1.116
0.412,0.064,0.945
0.412,0.064,0.945
0.412,0.064,0.945
0.441,-0.155,0.759
0.441,-0.155,0.759
0.441,-0.155,0.759
0.546,-0.336,0.655
0.546,-0.336,0.655
0.546,-0.336,0.655
0.623,-0.371,0.744
0.623,-0.371,0.744
0.623,-0.371,0.744
0.552,-0.351,0.912
0.552,-0.351,0.912
0.552,-0.351,0.912
0.53,-0.296,1.001
0.53,-0.296,1.001
0.53,-0.296,1.001
0.539,-0.229,1.022
0.539,-0.229,1.022
0.539,-0.229,1.022
0.447,-0.174,0.955
0.447,-0.174,0.955
0.447,-0.174,0.955
0.263,-0.121,0.871
0.263,-0.121,0.871
0.263,-0.121,0.871
0.066,-0.083,0.844
0.066,-0.083,0.844
0.066,-0.083,0.844
-0.087,-0.093,0.906
-0.087,-0.093,0.906
-0.087,-0.093,0.906
-0.076,-0.11,1.033
-0.076,-0.11,1.033
-0.076,-0.11,1.033
0.043,-0.145,1.093
0.043,-0.145,1.093
0.043,-0.145,1.093
0.158,-0.249,1.008
0.158,-0.249,1.008
0.158,-0.249,1.008
0.31,-0.369,0.93
0.31,-0.369,0.93
0.31,-0.369,0.93
0.378,-0.437,0.916
0.378,-0.437,0.916
0.378,-0.437,0.916
0.417,-0.468,0.924
0.417,-0.468,0.924
0.417,-0.468,0.924
0.372,-0.476,0.912
0.372,-0.476,0.912
0.372,-0.476,0.912
0.317,-0.457,0.877
0.317,-0.457,0.877
0.317,-0.457,0.877
0.227,-0.42,0.875
0.227,-0.42,0.875
0.227,-0.42,0.875
0.158,-0.349,0.89
0.158,-0.349,0.89
0.158,-0.349,0.89
0.17,-0.253,0.912
0.17,-0.253,0.912
0.17,-0.253,0.912
0.213,-0.129,0.939
0.213,-0.129,0.939
0.213,-0.129,0.939
0.243,-0.006,0.956
0.243,-0.006,0.956
0.243,-0.006,0.956
0.39,0.121,1.034
0.39,0.121,1.034
0.39,0.121,1.034
0.455,0.225,1.112
0.455,0.225,1.112
0.455,0.225,1.112
0.383,0.293,1.046
0.383,0.293,1.046
0.383,0.293,1.046
0.375,0.35,0.993
0.375,0.35,0.993
0.375,0.35,0.993
0.398,0.303,0.984
0.398,0.303,0.984
0.398,0.303,0.984
0.338,0.173,0.904
0.338,0.173,0.904
0.338,0.173,0.904
0.391,-0.038,0.798
0.391,-0.038,0.798
0.391,-0.038,0.798
0.524,-0.216,0.722
0.524,-0.216,0.722
0.524,-0.216,0.722
0.65,-0.276,0.802
0.65,-0.276,0.802
0.65,-0.276,0.802
0.653,-0.211,0.938
0.653,-0.211,0.938
0.653,-0.211,0.938
0.641,-0.139,1.054
0.641,-0.139,1.054
0.641,-0.139,1.054
0.554,-0.099,1.076
0.554,-0.099,1.076
0.554,-0.099,1.076
0.343,-0.066,0.973
0.343,-0.066,0.973
0.343,-0.066,0.973
0.102,-0.086,0.872
0.102,-0.086,0.872
0.102,-0.086,0.872
-0.034,-0.156,0.874
-0.034,-0.156,0.874
-0.034,-0.156,0.874
-0.041,-0.203,0.95
-0.041,-0.203,0.95
-0.041,-0.203,0.95
0.06,-0.252,1.027
0.06,-0.252,1.027
0.06,-0.252,1.027
0.203,-0.311,1.012
0.203,-0.311,1.012
0.203,-0.311,1.012
0.316,-0.376,0.912
0.316,-0.376,0.912
0.316,-0.376,0.912
0.41,-0.439,0.872
0.41,-0.439,0.872
0.41,-0.439,0.872
0.415,-0.464,0.915
0.415,-0.464,0.915
0.415,-0.464,0.915
0.363,-0.459,0.936
0.363,-0.459,0.936
0.363,-0.459,0.936
0.336,-0.425,0.923
0.336,-0.425,0.923
0.336,-0.425,0.923
0.26,-0.383,0.917
0.26,-0.383,0.917
0.26,-0.383,0.917
0.127,-0.326,0.924
0.127,-0.326,0.924
0.127,-0.326,0.924
0.023,-0.236,0.921
0.023,-0.236,0.921
0.023,-0.236,0.921
0.0,-0.162,0.923
0.0,-0.162,0.923
0.0,-0.162,0.923
0.11,-0.039,0.941
0.11,-0.039,0.941
0.11,-0.039,0.941
0.294,0.062,0.999
0.294,0.062,0.999
0.294,0.062,0.999
0.441,0.18,1.057
0.441,0.18,1.057
0.441,0.18,1.057
0.543,0.323,1.077
0.543,0.323,1.077
0.543,0.323,1.077
0.601,0.409,1.074
0.601,0.409,1.074
0.601,0.409,1.074
0.49,0.419,1.061
0.49,0.419,1.061
0.49,0.419,1.061
0.36,0.318,0.999
0.36,0.318,0.999
0.36,0.318,0.999
0.311,0.158,0.933
0.311,0.158,0.933
0.311,0.158,0.933
0.315,0.008,0.906
0.315,0.008,0.906
0.315,0.008,0.906
0.421,-0.11,0.895
0.421,-0.11,0.895
0.421,-0.11,0.895
0.468,-0.152,0.909
0.468,-0.152,0.909
0.468,-0.152,0.909
0.388,-0.133,0.943
0.388,-0.133,0.943
0.388,-0.133,0.943
0.387,-0.095,0.99
0.387,-0.095,0.99
0.387,-0.095,0.99
0.419,-0.081,1.017
0.419,-0.081,1.017
0.419,-0.081,1.017
0.393,-0.074,0.969
0.393,-0.074,0.969
0.393,-0.074,0.969
0.24,-0.104,0.879
0.24,-0.104,0.879
0.24,-0.104,0.879
0.121,-0.152,0.856
0.121,-0.152,0.856
0.121,-0.152,0.856
0.075,-0.194,0.92
0.075,-0.194,0.92
0.075,-0.194,0.92
0.035,-0.213,0.984
0.035,-0.213,0.984
0.035,-0.213,0.984
0.121,-0.242,1.009
0.121,-0.242,1.009
0.121,-0.242,1.009
0.29,-0.325,0.983
0.29,-0.325,0.983
0.29,-0.325,0.983
0.401,-0.376,0.934
0.401,-0.376,0.934
0.401,-0.376,0.934
0.434,-0.388,0.909
0.434,-0.388,0.909
0.434,-0.388,0.909
0.389,-0.382,0.896
0.389,-0.382,0.896
0.389,-0.382,0.896
0.336,-0.36,0.919
0.336,-0.36,0.919
0.336,-0.36,0.919
0.235,-0.325,0.937
0.235,-0.325,0.937
0.235,-0.325,0.937
0.118,-0.286,0.936
0.118,-0.286,0.936
0.118,-0.286,0.936
0.046,-0.23,0.921
0.046,-0.23,0.921
0.046,-0.23,0.921
0.039,-0.156,0.911
0.039,-0.156,0.911
0.039,-0.156,0.911
0.161,-0.068,0.956
0.161,-0.068,0.956
0.161,-0.068,0.956
0.291,0.005,1.004
0.291,0.005,1.004
0.291,0.005,1.004
0.467,0.09,1.056
0.467,0.09,1.056
0.467,0.09,1.056
0.567,0.163,1.034
0.567,0.163,1.034
0.567,0.163,1.034
0.596,0.254,0.958
0.596,0.254,0.958
0.596,0.254,0.958
0.581,0.322,0.976
0.581,0.322,0.976
0.581,0.322,0.976
0.398,0.286,1.018
0.398,0.286,1.018
0.398,0.286,1.018
0.295,0.205,0.997
0.295,0.205,0.997
0.295,0.205,0.997
0.306,0.056,0.9
0.306,0.056,0.9
0.306,0.056,0.9
0.474,-0.124,0.805
0.474,-0.124,0.805
0.474,-0.124,0.805
0.606,-0.236,0.816
0.606,-0.236,0.816
0.606,-0.236,0.816
0.596,-0.26,0.891
0.596,-0.26,0.891
0.596,-0.26,0.891
0.552,-0.225,0.976
0.552,-0.225,0.976
0.552,-0.225,0.976
0.496,-0.158,1.033
0.496,-0.158,1.033
0.496,-0.158,1.033
0.414,-0.115,1.015
0.414,-0.115,1.015
0.414,-0.115,1.015
0.306,-0.078,0.935
0.306,-0.078,0.935
0.306,-0.078,0.935
0.196,-0.052,0.897
0.196,-0.052,0.897
0.196,-0.052,0.897
0.085,-0.071,0.923
0.085,-0.071,0.923
0.085,-0.071,0.923
0.065,-0.102,0.986
0.065,-0.102,0.986
0.065,-0.102,0.986
0.112,-0.137,1.038
0.112,-0.137,1.038
0.112,-0.137,1.038
0.246,-0.212,1.038
0.246,-0.212,1.038
0.246,-0.212,1.038
0.371,-0.303,0.963
0.371,-0.303,0.963
0.371,-0.303,0.963
0.426,-0.357,0.898
0.426,-0.357,0.898
0.426,-0.357,0.898
0.448,-0.389,0.887
0.448,-0.389,0.887
0.448,-0.389,0.887
0.394,-0.402,0.864
0.394,-0.402,0.864
0.394,-0.402,0.864
0.335,-0.394,0.841
0.335,-0.394,0.841
0.335,-0.394,0.841
0.262,-0.37,0.853
0.262,-0.37,0.853
0.262,-0.37,0.853
0.165,-0.317,0.888
0.165,-0.317,0.888
0.165,-0.317,0.888
0.116,-0.238,0.898
0.116,-0.238,0.898
0.116,-0.238,0.898
0.077,-0.193,0.88
0.077,-0.193,0.88
0.077,-0.193,0.88
0.105,-0.151,0.88
0.105,-0.151,0.88
0.105,-0.151,0.88
0.248,-0.077,0.921
0.248,-0.077,0.921
0.248,-0.077,0.921
0.388,0.009,0.99
0.388,0.009,0.99
0.388,0.009,0.99
0.525,0.115,1.023
